Salary,Bonus %,,,SUMMARY OUTPUT,,,,,,,,
97308,6.945,,,,,,,,,,,
61933,4.17,,,Regression Statistics,,,,,,,,
130590,11.858,,,Multiple R,0.03638061,,,,,,,
138705,9.34,,,R Square,0.001323549,,,,,,,
101004,1.389,,,Adjusted R Square,0.000322871,,,,,,,
115163,10.125,,,Standard Error,5.52758825,,,,,,,
65476,10.012,,,Observations,1000,,,,,,,
45906,11.598,,,,,,,,,,,
95570,18.523,,,ANOVA,,,,,,,,
139852,7.524,,,,df,SS,MS,F,Significance F,,,
63241,15.132,,,Regression,1,40.41262368,40.41262368,1.322652255,0.250392113,,,
102508,12.637,,,Residual,998,30493.1234,30.55423186,,,,,
112807,17.492,,,Total,999,30533.53602,,,,,,
109831,5.831,,,,,,,,,,,
41426,14.543,,,,Coefficients,Standard Error,t Stat,P-value,Lower 95%,Upper 95%,Lower 95.0%,Upper 95.0%
59414,1.256,,,Intercept,10.76140657,0.512323906,21.00508378,2.08773E-81,9.756050909,11.76676224,9.756050909,11.76676224
90370,7.369,,,Salary,-6.10896E-06,5.31183E-06,-1.150066196,0.250392113,-1.65326E-05,4.31468E-06,-1.65326E-05,4.31468E-06
111737,6.414,,,,,,,,,,,
132940,19.082,,,,,,,,,,,
81014,1.894,,,,,,,,,,,
64714,4.934,,,RESIDUAL OUTPUT,,,,,PROBABILITY OUTPUT,,,
100612,13.645,,,,,,,,,,,
90816,18.816,,,Observation,Predicted Bonus %,Residuals,Standard Residuals,,Percentile,Bonus %,,
125792,5.042,,,1,10.16695596,-3.221955962,-0.583178344,,0.05,1.015,,
97950,13.873,,,2,10.3830604,-6.213060397,-1.124572253,,0.15,1.017,,
37076,18.576,,,3,9.963637579,1.894362421,0.342882135,,0.25,1.02,,
37598,7.757,,,4,9.914063374,-0.574063374,-0.10390624,,0.35,1.022,,
122367,5.218,,,5,10.14437725,-8.755377249,-1.584735008,,0.45,1.027,,
124008,13.464,,,6,10.05788049,0.067119506,0.01214872,,0.55,1.079,,
79529,7.008,,,7,10.36141635,-0.349416355,-0.063244828,,0.65,1.085,,
118780,9.096,,,8,10.48096869,1.117031312,0.202184164,,0.75,1.113,,
88657,12.752,,,9,10.17757333,8.345426666,1.510533404,,0.85,1.113,,
122340,6.417,,,10,9.907056398,-2.383056398,-0.4313364,,0.95,1.139,,
119082,16.18,,,11,10.37506988,4.756930121,0.861010723,,1.05,1.148,,
95734,19.096,,,12,10.13518937,2.501810626,0.452831074,,1.15,1.187,,
85182,16.675,,,13,10.0722732,7.419726798,1.342980488,,1.25,1.197,,
142032,12.599,,,14,10.09045347,-4.259453465,-0.770966782,,1.35,1.215,,
57427,9.557,,,15,10.50833683,4.034663174,0.730279438,,1.45,1.256,,
36844,5.574,,,16,10.39844887,-9.142448866,-1.65479549,,1.55,1.26,,
122173,7.797,,,17,10.20933992,-2.840339922,-0.51410533,,1.65,1.268,,
99283,2.665,,,18,10.07880979,-3.664809789,-0.66333548,,1.75,1.389,,
66582,11.308,,,19,9.949281525,9.132718475,1.653034276,,1.85,1.4,,
121918,15.835,,,20,10.26649534,-8.372495345,-1.515432871,,1.95,1.421,,
73524,5.207,,,21,10.36607138,-5.432071381,-0.983212195,,2.05,1.431,,
145146,7.482,,,22,10.14677196,3.498228039,0.63318396,,2.15,1.432,,
88010,13.886,,,23,10.20661533,8.609384674,1.558310157,,2.25,1.433,,
114796,6.796,,,24,9.992948366,-4.950948366,-0.896128285,,2.35,1.438,,
66820,9,,,25,10.16303401,3.70996599,0.671508813,,2.45,1.451,,
93581,6.083,,,26,10.5349108,8.041089202,1.455447915,,2.55,1.451,,
113590,3.055,,,27,10.53172192,-2.774721922,-0.502228384,,2.65,1.481,,
94976,13.83,,,28,10.01387155,-4.795871551,-0.868059174,,2.75,1.496,,
41126,14.009,,,29,10.00384675,3.460153251,0.626292373,,2.85,1.552,,
49339,1.695,,,30,10.27556715,-3.26756715,-0.59143403,,2.95,1.563,,
40341,17.578,,,31,10.03578439,-0.939784388,-0.170102233,,3.05,1.601,,
83677,8.999,,,32,10.21980457,2.532195431,0.458330764,,3.15,1.612,,
102488,17.653,,,33,10.01403649,-3.597036493,-0.651068423,,3.25,1.62,,
130276,16.084,,,34,10.03393948,6.146060517,1.112445185,,3.35,1.679,,
64715,15.107,,,35,10.17657146,8.919428536,1.614428511,,3.45,1.695,,
72670,1.481,,,36,10.2410332,6.433966797,1.164556608,,3.55,1.702,,
66851,11.279,,,37,9.893738867,2.705261133,0.489655888,,3.65,1.737,,
48866,4.271,,,38,10.41058737,-0.853587368,-0.154500457,,3.75,1.763,,
106862,3.699,,,39,10.53632808,-4.962328077,-0.898188028,,3.85,1.767,,
58112,19.414,,,40,10.01505669,-2.218056689,-0.401471232,,3.95,1.782,,
35203,18.04,,,41,10.15489077,-7.489890768,-1.355680261,,4.05,1.821,,
77834,18.771,,,42,10.35465985,0.953340154,0.172555845,,4.15,1.825,,
61310,12.428,,,43,10.01661447,5.818385526,1.053135573,,4.25,1.841,,
125250,2.672,,,44,10.31225145,-5.10525145,-0.92405735,,4.35,1.844,,
51178,9.735,,,45,9.874715568,-2.392715568,-0.433084722,,4.45,1.854,,
84834,14.33,,,46,10.22375707,3.662242934,0.662870876,,4.55,1.869,,
100863,4.382,,,47,10.06012248,-3.264122482,-0.590810541,,4.65,1.876,,
84692,6.617,,,48,10.35320591,-1.353205913,-0.244932083,,4.75,1.886,,
118172,16.194,,,49,10.18972405,-4.106724054,-0.743322554,,4.85,1.894,,
54043,3.833,,,50,10.06748989,-7.012489887,-1.269270062,,4.95,1.905,,
90582,4.709,,,51,10.18120206,3.648797945,0.660437315,,5.05,1.909,,
62096,17.029,,,52,10.51016951,3.498830487,0.633293004,,5.15,1.923,,
104897,5.118,,,53,10.45999663,-8.764996631,-1.58647613,,5.25,1.932,,
131604,7.353,,,54,10.51496505,7.063034954,1.278418786,,5.35,1.952,,
107391,1.26,,,55,10.25022719,-1.251227186,-0.226473797,,5.45,1.965,,
114797,5.965,,,56,10.13531155,7.517688447,1.360711678,,5.55,1.985,,
115814,4.99,,,57,9.965555792,6.118444208,1.107446596,,5.65,2.01,,
137126,15.602,,,58,10.36606527,4.740934727,0.858115535,,5.75,2.021,,
47369,14.822,,,59,10.3174685,-8.836468501,-1.599412634,,5.85,2.03,,
35095,8.379,,,60,10.35301654,0.925983465,0.167604247,,5.95,2.071,,
148115,6.539,,,61,10.46288617,-6.191886168,-1.12073969,,6.05,2.075,,
83072,7.511,,,62,10.10859097,-6.409590965,-1.160144549,,6.15,2.089,,
100238,3.887,,,63,10.40640273,9.007597269,1.63038717,,6.25,2.097,,
103495,17.29,,,64,10.54635288,7.493647121,1.356360165,,6.35,2.097,,
144887,8.276,,,65,10.28592184,8.485078164,1.535810512,,6.45,2.117,,
64088,6.155,,,66,10.38686628,2.041133721,0.369447937,,6.55,2.142,,
51082,11.955,,,67,9.996259422,-7.324259422,-1.325700765,,6.65,2.147,,
91719,11.583,,,68,10.44876225,-0.713762254,-0.129191924,,6.75,2.147,,
128771,8.309,,,69,10.24315912,4.08684088,0.739723673,,6.85,2.158,,
119009,12.506,,,70,10.14523861,-5.763238612,-1.043153908,,6.95,2.194,,
111858,1.601,,,71,10.24402659,-3.627026593,-0.656496671,,7.05,2.196,,
130620,7.03,,,72,10.03949864,6.154501364,1.11397299,,7.15,2.235,,
43026,14.166,,,73,10.43126009,-6.598260086,-1.194293913,,7.25,2.277,,
142321,1.737,,,74,10.20804482,-5.499044822,-0.995334478,,7.35,2.28,,
140371,10.62,,,75,10.38206464,6.646935363,1.203104203,,7.45,2.304,,
100705,16.961,,,76,10.12059507,-5.00259507,-0.905476408,,7.55,2.311,,
77544,12.447,,,77,9.957443094,-2.604443094,-0.471407688,,7.65,2.362,,
48109,14.995,,,78,10.10535933,-8.845359326,-1.601021885,,7.75,2.366,,
61602,11.849,,,79,10.06011637,-4.095116373,-0.741221548,,7.85,2.378,,
103902,12.159,,,80,10.05390356,-5.063903562,-0.916573327,,7.95,2.386,,
136984,8.932,,,81,9.923709421,5.678290579,1.0277782,,8.05,2.401,,
80740,19.305,,,82,10.47203128,4.34996872,0.787350164,,8.15,2.419,,
91712,8.567,,,83,10.54701265,-2.168012647,-0.392413193,,8.25,2.462,,
42146,3.046,,,84,9.856578067,-3.317578067,-0.600486074,,8.35,2.469,,
68680,16.565,,,85,10.25392311,-2.742923107,-0.496472756,,8.45,2.491,,
133980,12.396,,,86,10.14905671,-6.262056712,-1.133440652,,8.55,2.518,,
37919,11.449,,,87,10.12915983,7.160840169,1.296121661,,8.65,2.518,,
147113,16.135,,,88,9.876297788,-1.600297788,-0.289656043,,8.75,2.58,,
42153,8.454,,,89,10.36989559,-4.21489559,-0.762901747,,8.85,2.617,,
64363,4.023,,,90,10.44934871,1.505651285,0.272524899,,8.95,2.624,,
114767,3.711,,,91,10.20109894,1.381901064,0.250125943,,9.05,2.65,,
58698,6.811,,,92,9.974749776,-1.665749776,-0.30150294,,9.15,2.657,,
54585,4.166,,,93,10.03438544,2.471614563,0.447365546,,9.25,2.664,,
76189,18.988,,,94,10.0780706,-8.477070605,-1.534361133,,9.35,2.665,,
109095,9.494,,,95,9.96345431,-2.93345431,-0.530959159,,9.45,2.672,,
120204,9.557,,,96,10.49856249,3.667437509,0.663811101,,9.55,2.673,,
41054,12.299,,,97,9.891973378,-8.154973378,-1.476061104,,9.65,2.675,,
84885,15.402,,,98,9.903885848,0.716114152,0.129617621,,9.75,2.709,,
119735,18.74,,,99,10.14620383,6.814796172,1.233487235,,9.85,2.712,,
110169,13.892,,,100,10.28769343,2.159306566,0.390837381,,9.95,2.728,,
73789,14.841,,,101,10.46751065,4.527489349,0.819481636,,10.05,2.754,,
76078,2.401,,,102,10.38508246,1.463917537,0.264971035,,10.15,2.782,,
49368,14.226,,,103,10.12667348,2.032326515,0.367853821,,10.25,2.784,,
57325,17.179,,,104,9.924576893,-0.992576893,-0.179657747,,10.35,2.826,,
66521,5.83,,,105,10.2681692,9.0368308,1.635678478,,10.45,2.844,,
127654,16.439,,,106,10.2011417,-1.634141698,-0.295781836,,10.55,2.846,,
60866,13.101,,,107,10.50393837,-7.457938375,-1.349896835,,10.65,2.88,,
41334,6.219,,,108,10.34184325,6.223156751,1.126399707,,10.75,2.924,,
94231,17.517,,,109,9.942928207,2.453071793,0.44400928,,10.85,2.93,,
146670,10.763,,,110,10.52976095,0.919239054,0.1663835,,10.95,2.937,,
106317,2.235,,,111,9.862699245,6.272300755,1.135294838,,11.05,3.019,,
109260,2.65,,,112,10.50389561,-2.049895612,-0.371033851,,11.15,3.031,,
134148,8.833,,,113,10.36821563,-6.345215626,-1.148492527,,11.25,3.041,,
43542,19.687,,,114,10.06029964,-6.349299642,-1.149231739,,11.35,3.046,,
95327,15.12,,,115,10.40282288,-3.591822881,-0.650124752,,11.45,3.05,,
112238,6.03,,,116,10.42794903,-6.26194903,-1.133421161,,11.55,3.055,,
132373,10.527,,,117,10.29597107,8.692028926,1.573268877,,11.65,3.067,,
113850,1.854,,,118,10.09494966,-0.600949659,-0.108772693,,11.75,3.095,,
110194,14.727,,,119,10.02708523,-0.47008523,-0.085086056,,11.85,3.099,,
146129,5.687,,,120,10.51060936,1.788390642,0.323701101,,11.95,3.12,,
140013,8.689,,,121,10.24284756,5.159152436,0.933813501,,12.05,3.171,,
122717,12.452,,,122,10.02995033,8.710049668,1.576530656,,12.15,3.178,,
71715,13.079,,,123,10.08838864,3.803611363,0.688458751,,12.25,3.18,,
95322,4.15,,,124,10.31063258,4.530367424,0.820002571,,12.35,3.186,,
89227,3.996,,,125,10.29664917,-7.895649168,-1.429123074,,12.45,3.221,,
124488,14.837,,,126,10.45981947,3.766180529,0.68168372,,12.55,3.269,,
86230,8.578,,,127,10.41121048,6.767789518,1.224978967,,12.65,3.283,,
135490,19.934,,,128,10.35503249,-4.525032492,-0.819036942,,12.75,3.311,,
121333,15.295,,,129,9.981573484,6.457426516,1.168802848,,12.85,3.319,,
129297,8.067,,,130,10.38957866,2.711421343,0.490770895,,12.95,3.345,,
84546,10.489,,,131,10.50889885,-4.28989885,-0.776477437,,13.05,3.369,,
85730,5.359,,,132,10.18575323,7.33124677,1.326965484,,13.15,3.38,,
104058,17.695,,,133,9.865405514,0.897594486,0.162465804,,13.25,3.412,,
105062,1.563,,,134,10.11192035,-7.876920348,-1.425733133,,13.35,3.45,,
79536,14.443,,,135,10.09394168,-7.443941681,-1.347363414,,13.45,3.453,,
114412,8.756,,,136,9.941901902,-1.108901902,-0.200712729,,13.55,3.459,,
68501,14.316,,,137,10.49541027,9.191589732,1.663690052,,13.65,3.459,,
149563,16.991,,,138,10.17905781,4.940942189,0.894317154,,13.75,3.491,,
103386,11.451,,,139,10.0757492,-4.0457492,-0.732286024,,13.85,3.512,,
89786,14.422,,,140,9.952745305,0.574254695,0.103940869,,13.95,3.525,,
52226,19.135,,,141,10.06590156,-8.211901558,-1.486365181,,14.05,3.533,,
134645,18.197,,,142,10.08823591,4.638764087,0.839622513,,14.15,3.55,,
59148,9.061,,,143,9.868710461,-4.181710461,-0.756895194,,14.25,3.56,,
42341,7.014,,,144,9.906072856,-1.217072856,-0.220291817,,14.35,3.592,,
142178,17.984,,,145,10.01173342,2.440266584,0.44169152,,14.45,3.595,,
38989,7.017,,,146,10.32330256,2.755697443,0.498784928,,14.55,3.643,,
53754,5.455,,,147,10.17908836,-6.029088355,-1.091273067,,14.65,3.645,,
133772,19.02,,,148,10.21632246,-6.220322462,-1.125886697,,14.75,3.655,,
143499,17.495,,,149,10.00091445,4.836085551,0.875337962,,14.85,3.657,,
97058,9.402,,,150,10.23463101,-1.656631013,-0.299852432,,14.95,3.665,,
85446,3.959,,,151,9.933703678,10.00029632,1.810067028,,15.05,3.672,,
40297,6.185,,,152,10.02018822,5.274811785,0.954747998,,15.15,3.694,,
146651,1.451,,,153,9.971536463,-1.904536463,-0.344723651,,15.25,3.699,,
124486,10.166,,,154,10.2449185,0.244081499,0.044179078,,15.35,3.711,,
102652,14.085,,,155,10.23768549,-4.878685493,-0.883048608,,15.45,3.723,,
144474,17.648,,,156,10.12572049,7.569279513,1.37004973,,15.55,3.733,,
68759,19.343,,,157,10.11958709,-8.556587092,-1.548753724,,15.65,3.742,,
57286,5.025,,,158,10.27552439,4.167475613,0.754318668,,15.75,3.756,,
58129,1.952,,,159,10.06246832,-1.306468322,-0.236472516,,15.85,3.771,,
123940,12.184,,,160,10.34293675,3.973063247,0.719129769,,15.95,3.787,,
98233,2.518,,,161,9.847732294,7.143267706,1.292941022,,16.05,3.794,,
140810,9.177,,,162,10.12982571,1.321174292,0.239134316,,16.15,3.799,,
42090,8.842,,,163,10.21290755,4.209092446,0.76185137,,16.25,3.8,,
149654,1.825,,,164,10.44236007,8.692639935,1.573379471,,16.35,3.833,,
51430,6.46,,,165,9.938865749,8.258134251,1.49473336,,16.45,3.845,,
71749,15.931,,,166,10.40007385,-1.339073849,-0.24237416,,16.55,3.873,,
85700,1.215,,,167,10.50274713,-3.488747128,-0.631467903,,16.65,3.887,,
57783,9.129,,,168,9.892846959,8.091153041,1.464509537,,16.75,3.914,,
36946,6.652,,,169,10.52322436,-3.506224359,-0.634631305,,16.85,3.942,,
99326,16.475,,,170,10.43302558,-4.978025575,-0.901029296,,16.95,3.947,,
109259,4.443,,,171,9.944198871,9.075801129,1.64273216,,17.05,3.95,,
131038,8.996,,,172,9.884777023,7.610222977,1.377460551,,17.15,3.959,,
121068,12.757,,,173,10.1684832,-0.766483202,-0.138734486,,17.25,3.96,,
62719,19.127,,,174,10.23942044,-6.280420437,-1.136764511,,17.35,3.996,,
69268,3.031,,,175,10.51523384,-4.330233841,-0.783778125,,17.45,3.997,,
36067,9.64,,,176,9.865521584,-8.414521584,-1.523039677,,17.55,3.997,,
130581,16.736,,,177,10.00092667,0.165073333,0.029878494,,17.65,4,,
89661,8.525,,,178,10.13430968,3.950690316,0.715080239,,17.75,4.02,,
36643,7.953,,,179,9.878820788,7.769179212,1.406231843,,17.85,4.023,,
140558,5.084,,,180,10.34136064,9.001639359,1.62930878,,17.95,4.03,,
103521,2.784,,,181,10.41144873,-5.386448731,-0.974954435,,18.05,4.035,,
55281,4.935,,,182,10.40629888,-8.454298878,-1.53023942,,18.15,4.068,,
115711,8.012,,,183,10.00426216,2.179737842,0.394535469,,18.25,4.078,,
114079,8.399,,,184,10.16130517,-7.643305175,-1.383448474,,18.35,4.083,,
57531,1.767,,,185,9.901204015,-0.724204015,-0.131081897,,18.45,4.135,,
141069,4.903,,,186,10.50428048,-1.662280477,-0.300874993,,18.55,4.15,,
89434,11.295,,,187,9.847176379,-8.022176379,-1.452024669,,18.65,4.166,,
44639,9.148,,,188,10.4472228,-3.987222797,-0.721692666,,18.75,4.17,,
110967,19.612,,,189,10.32309485,5.607905147,1.015038343,,18.85,4.188,,
115387,1.821,,,190,10.23786876,-9.022868762,-1.633151331,,18.95,4.195,,
81673,15.364,,,191,10.40841258,-1.279412578,-0.23157539,,19.05,4.225,,
109588,3.55,,,192,10.53570496,-3.883704963,-0.7029558,,19.15,4.232,,
92544,3.8,,,193,10.15462808,6.320371918,1.143995782,,19.25,4.271,,
142373,2.462,,,194,10.09394779,-5.65094779,-1.022829119,,19.35,4.299,,
83341,1.015,,,195,9.960900765,-0.964900765,-0.174648331,,19.45,4.337,,
98865,10.628,,,196,10.02180709,2.735192911,0.49507358,,19.55,4.338,,
120444,7.768,,,197,10.37825876,8.748741245,1.583533883,,19.65,4.363,,
71945,5.56,,,198,10.33825118,-7.307251181,-1.322622251,,19.75,4.366,,
109564,3.845,,,199,10.54107474,-0.901074738,-0.163095735,,19.85,4.38,,
78417,3.067,,,200,9.96369256,6.77230744,1.225796717,,19.95,4.382,,
106947,15.866,,,201,10.21367117,-1.688671174,-0.305651744,,20.05,4.443,,
87298,2.311,,,202,10.53755598,-2.584555978,-0.467808094,,20.15,4.45,,
64579,15.266,,,203,9.902743473,-4.818743473,-0.872199023,,20.25,4.479,,
50905,9.404,,,204,10.129001,-7.345000998,-1.329455018,,20.35,4.513,,
59728,11.226,,,205,10.42369719,-5.488697195,-0.993461543,,20.45,4.537,,
51685,17.445,,,206,10.05453278,-2.042532784,-0.36970117,,20.55,4.542,,
49542,1.679,,,207,10.06450261,-1.665502606,-0.301458202,,20.65,4.548,,
38375,8.999,,,208,10.40995204,-8.642952036,-1.564385894,,20.75,4.644,,
64084,17.018,,,209,9.899621795,-4.996621795,-0.904395237,,20.85,4.659,,
147663,10.263,,,210,10.21505791,1.079942092,0.195470965,,20.95,4.664,,
73935,14.752,,,211,10.48870874,-1.340708739,-0.242670077,,21.05,4.707,,
40837,12.182,,,212,10.08351369,9.528486313,1.724668785,,21.15,4.709,,
94393,3.643,,,213,10.05651209,-8.235512087,-1.490638718,,21.25,4.75,,
42087,2.624,,,214,10.26246954,5.101530459,0.923383846,,21.35,4.785,,
52080,9.375,,,215,10.09193794,-6.541937942,-1.184099529,,21.45,4.805,,
35061,5.128,,,216,10.19605904,-6.396059044,-1.157695254,,21.55,4.82,,
64164,17.612,,,217,9.891655712,-7.429655712,-1.344777635,,21.65,4.844,,
94088,19.107,,,218,10.2522798,-9.237279797,-1.671960015,,21.75,4.887,,
127813,5.961,,,219,10.15744431,0.470555687,0.08517121,,21.85,4.903,,
38041,18.428,,,220,10.02561908,-2.25761908,-0.408632077,,21.95,4.905,,
126310,5.413,,,221,10.3218975,-4.761897497,-0.861909825,,22.05,4.924,,
142561,8.866,,,222,10.09208456,-6.247084557,-1.130730672,,22.15,4.934,,
70817,17.138,,,223,10.28236031,-7.215360312,-1.30598988,,22.25,4.935,,
59937,12.045,,,224,10.1080717,5.757928296,1.042192734,,22.35,4.99,,
106115,3.742,,,225,10.22810664,-7.917106645,-1.433006906,,22.45,4.99,,
82782,4.366,,,226,10.36689609,4.899103909,0.886744369,,22.55,5.025,,
104896,19.55,,,227,10.45043,-1.04643,-0.189405232,,22.65,5.025,,
133943,8.94,,,228,10.39653065,0.829469347,0.150135063,,22.75,5.027,,
83658,6.513,,,229,10.44566501,6.999334988,1.266889007,,22.85,5.042,,
71896,4.232,,,230,10.45875651,-8.779756512,-1.589147688,,22.95,5.084,,
113732,10.391,,,231,10.52697526,-1.52797526,-0.276565569,,23.05,5.097,,
110485,7.995,,,232,10.36992003,6.648079974,1.203311379,,23.15,5.108,,
115118,5.108,,,233,9.859339317,0.403660683,0.073063124,,23.25,5.118,,
48696,4.75,,,234,10.30974067,4.442259332,0.804054889,,23.35,5.128,,
42676,15.517,,,235,10.511935,1.670064997,0.302284001,,23.45,5.14,,
43586,12.659,,,236,10.18476358,-6.541763579,-1.184067969,,23.55,5.146,,
89258,15.585,,,237,10.5042988,-7.880298803,-1.426344638,,23.65,5.182,,
90730,2.491,,,238,10.44325197,-1.068251973,-0.193355038,,23.75,5.19,,
100308,13.677,,,239,10.54722035,-5.419220351,-0.980886142,,23.85,5.197,,
69134,3.723,,,240,10.36943131,7.242568691,1.310914633,,23.95,5.203,,
58295,14.603,,,241,10.18662681,8.920373189,1.614599495,,24.05,5.207,,
50141,13.218,,,242,9.980602159,-4.019602159,-0.727553374,,24.15,5.218,,
101941,3.45,,,243,10.52901565,7.898984347,1.429726746,,24.25,5.266,,
115145,14.063,,,244,9.989783925,-4.576783925,-0.82840402,,24.35,5.268,,
40451,16.044,,,245,9.890507227,-1.024507227,-0.18543718,,24.45,5.272,,
56526,5.81,,,246,10.3287884,6.809211597,1.232476419,,24.55,5.319,,
145316,18.517,,,247,10.39525388,1.64974612,0.298606257,,24.65,5.32,,
103235,9.554,,,248,10.11315436,-6.371154358,-1.153187472,,24.75,5.329,,
58563,12.062,,,249,10.2556947,-5.889694705,-1.06604263,,24.85,5.359,,
74129,18.225,,,250,10.12060118,9.429398821,1.706733816,,24.95,5.368,,
74669,1.113,,,251,9.943154239,-1.003154239,-0.181572261,,25.05,5.413,,
97490,5.46,,,252,10.25034326,-3.737343257,-0.676464135,,25.15,5.435,,
104250,18.456,,,253,10.32219684,-6.090196836,-1.102333784,,25.25,5.437,,
94345,11.996,,,254,10.06662241,0.324377585,0.058712777,,25.35,5.455,,
82439,19.062,,,255,10.08645821,-2.091458206,-0.378556736,,25.45,5.46,,
51613,12.984,,,256,10.0581554,-4.950155397,-0.895984757,,25.55,5.461,,
105946,1.139,,,257,10.46392469,-5.713924691,-1.034228022,,25.65,5.478,,
46080,9.635,,,258,10.50070063,5.016299374,0.907956905,,25.75,5.478,,
134610,6.147,,,259,10.49514147,2.163858527,0.391661291,,25.85,5.56,,
125104,12.345,,,260,10.21613308,5.368866915,0.971772102,,25.95,5.574,,
107281,1.612,,,261,10.2071407,-7.716140696,-1.396631801,,26.05,5.574,,
141521,4.337,,,262,10.14862908,3.528370916,0.638639861,,26.15,5.63,,
65931,2.304,,,263,10.33906978,-6.616069781,-1.197517492,,26.25,5.66,,
69989,10.985,,,264,10.40528479,4.197715209,0.759792075,,26.35,5.665,,
147183,9.999,,,265,10.45509725,2.762902755,0.500089099,,26.45,5.668,,
66757,18.099,,,266,10.13865315,-6.688653154,-1.210655179,,26.55,5.681,,
75145,6.388,,,267,10.05799046,4.005009545,0.724912092,,26.65,5.687,,
129460,13.657,,,268,10.51429306,5.529706939,1.000884362,,26.75,5.778,,
132839,17.463,,,269,10.41609154,-4.60609154,-0.833708738,,26.85,5.809,,
44537,18.284,,,270,9.873677044,8.643322956,1.564453031,,26.95,5.81,,
118733,9.653,,,271,10.13074816,-0.576748161,-0.10439219,,27.05,5.83,,
46905,19.154,,,272,10.40364759,1.65835241,0.300164007,,27.15,5.831,,
79582,3.873,,,273,10.30855553,7.91644447,1.432887052,,27.25,5.85,,
55394,3.18,,,274,10.30525669,-9.192256692,-1.663810773,,27.35,5.861,,
123811,7.664,,,275,10.16584413,-4.705844132,-0.851764091,,27.45,5.89,,
137314,4.542,,,276,10.12454757,8.331452433,1.508004049,,27.55,5.949,,
36711,19.028,,,277,10.18505681,1.810943191,0.327783143,,27.65,5.961,,
111786,3.592,,,278,10.25779008,8.804209922,1.593573788,,27.75,5.965,,
72257,13.023,,,279,10.44610486,2.537895143,0.45936242,,27.85,5.966,,
71276,5.027,,,280,10.11418677,-8.975186772,-1.624520827,,27.95,6.002,,
38712,3.657,,,281,10.47990573,-0.844905729,-0.152929069,,28.05,6.007,,
46930,18.702,,,282,9.939079563,-3.792079563,-0.68637148,,28.15,6.01,,
125220,3.733,,,283,9.99715133,2.34784867,0.424963754,,28.25,6.03,,
121477,17.44,,,284,10.10603131,-8.494031311,-1.537431044,,28.35,6.031,,
86386,2.937,,,285,9.896860545,-5.559860545,-1.006342205,,28.45,6.06,,
81308,2.196,,,286,10.35863678,-8.054636778,-1.457900045,,28.55,6.081,,
84810,15.794,,,287,10.33384662,0.651153379,0.117859634,,28.65,6.083,,
66775,2.158,,,288,9.862271617,0.136728383,0.02474802,,28.75,6.083,,
72145,13.448,,,289,10.35359078,7.745409222,1.401929443,,28.85,6.147,,
121604,1.923,,,290,10.30234883,-3.914348827,-0.70850238,,28.95,6.155,,
109510,13.457,,,291,9.970540703,3.686459297,0.66725407,,29.05,6.16,,
112117,6.338,,,292,9.94989853,7.51310147,1.359881429,,29.15,6.168,,
108127,15.858,,,293,10.48933185,7.794668147,1.410845374,,29.25,6.185,,
123711,10.966,,,294,10.03607151,-0.383071509,-0.069336456,,29.35,6.191,,
132381,8.34,,,295,10.47486584,8.679134162,1.570934908,,29.45,6.219,,
148225,1.841,,,296,10.27524337,-6.402243375,-1.158814626,,29.55,6.22,,
145988,18.243,,,297,10.42300688,-7.243006882,-1.310993947,,29.65,6.22,,
62960,14.356,,,298,10.00505021,-2.341050214,-0.423733224,,29.75,6.293,,
56926,7.507,,,299,9.922560937,-5.380560937,-0.973888736,,29.85,6.318,,
41428,14.372,,,300,10.53714057,8.490859431,1.536856929,,29.95,6.322,,
115658,3.041,,,301,10.07851045,-6.48651045,-1.174067079,,30.05,6.338,,
76707,6.031,,,302,10.3199915,2.703008498,0.489248158,,30.15,6.339,,
60388,17.885,,,303,10.32598439,-5.298984391,-0.959123272,,30.25,6.388,,
45150,12.075,,,304,10.52491654,-6.867916541,-1.243102092,,30.35,6.414,,
58755,5.097,,,305,10.47471311,8.227286886,1.489149946,,30.45,6.417,,
76076,5.319,,,306,9.99644269,-6.26344269,-1.133691516,,30.55,6.46,,
87760,14.987,,,307,10.01930853,7.420691475,1.343155096,,30.65,6.466,,
135119,7.887,,,308,10.23367802,-7.296678016,-1.320708494,,30.75,6.499,,
36759,17.269,,,309,10.26469931,-8.068699311,-1.460445382,,30.85,6.5,,
121723,18.645,,,310,10.24330574,5.550694264,1.004683096,,30.95,6.51,,
110061,7.494,,,311,10.35348082,-8.195480816,-1.483393004,,31.05,6.513,,
85074,1.844,,,312,10.3206757,3.127324295,0.566049886,,31.15,6.525,,
85799,19.93,,,313,10.01853269,-8.095532687,-1.465302259,,31.25,6.537,,
75150,12.182,,,314,10.09241444,3.364585559,0.608994493,,31.35,6.539,,
91344,4.035,,,315,10.07648838,-3.738488384,-0.676671405,,31.45,6.611,,
86326,10.717,,,316,10.10086313,5.757136868,1.042049484,,31.55,6.617,,
98753,16.443,,,317,10.00566111,0.96033889,0.173822625,,31.65,6.639,,
113060,2.846,,,318,9.952696433,-1.612696433,-0.291900214,,31.75,6.652,,
77327,11.58,,,319,9.855906082,-8.014906082,-1.450708736,,31.85,6.662,,
62666,10.247,,,320,9.869571824,8.373428176,1.515601715,,31.95,6.662,,
96633,4.99,,,321,10.3767865,3.979213504,0.720242974,,32.05,6.716,,
58248,3.914,,,322,10.41364796,-2.906647956,-0.526107173,,32.15,6.752,,
83706,6.96,,,323,10.50832461,3.863675392,0.699330421,,32.25,6.773,,
74086,5.778,,,324,10.05485656,-7.013856559,-1.269517431,,32.35,6.796,,
95389,14.223,,,325,10.29280663,-4.261806633,-0.771392709,,32.45,6.811,,
129968,19.897,,,326,10.39249874,7.492501261,1.356152763,,32.55,6.818,,
140347,8.723,,,327,10.48558706,1.589412939,0.287685871,,32.65,6.837,,
41549,3.95,,,328,10.40247467,-5.30547467,-0.960298021,,32.75,6.842,,
74287,10.751,,,329,10.29666139,-4.977661386,-0.900963378,,32.85,6.878,,
69906,4.844,,,330,10.22528431,4.761715694,0.861876918,,32.95,6.911,,
65078,3.095,,,331,9.935970102,-2.048970102,-0.370866333,,33.05,6.945,,
106406,1.782,,,332,10.53684734,6.732152661,1.218528648,,33.15,6.96,,
115913,12.121,,,333,10.01780572,8.627194279,1.561533719,,33.25,6.976,,
38092,5.668,,,334,10.0890484,-2.595048404,-0.469707237,,33.35,6.976,,
121160,7.843,,,335,10.24169297,-8.39769297,-1.519993675,,33.45,7.008,,
90429,4.45,,,336,10.23726397,9.692736025,1.754398202,,33.55,7.008,,
64207,7.824,,,337,10.30231828,1.879681718,0.340224908,,33.65,7.014,,
80688,18.892,,,338,10.2033898,-6.168389795,-1.116486815,,33.75,7.017,,
55044,4.078,,,339,10.23404455,0.482955447,0.087415583,,33.85,7.03,,
72893,9.555,,,340,10.15812852,6.284871484,1.137570156,,33.95,7.077,,
96978,13.865,,,341,10.07072764,-7.224727635,-1.307685378,,34.05,7.094,,
97364,3.595,,,342,10.28901908,1.290980922,0.233669276,,34.15,7.099,,
140885,1.113,,,343,10.37858253,-0.13158253,-0.023816614,,34.25,7.1,,
58520,16.231,,,344,10.17107951,-5.18107951,-0.937782331,,34.35,7.123,,
66067,10.957,,,345,10.40557191,-6.491571912,-1.174983211,,34.45,7.132,,
147183,8.748,,,346,10.25005003,-3.290050027,-0.595503461,,34.55,7.175,,
87721,12.484,,,347,10.30881821,-4.530818215,-0.820084165,,34.65,7.227,,
144001,2.194,,,348,10.17867906,4.044320945,0.732027508,,34.75,7.25,,
91133,5.14,,,349,9.967437352,9.929562648,1.797264138,,34.85,7.252,,
67827,19.717,,,350,9.904032463,-1.181032463,-0.213768458,,34.95,7.266,,
81839,12.072,,,351,10.50758542,-6.557585424,-1.186931745,,35.05,7.353,,
81444,3.171,,,352,10.30759031,0.443409686,0.080257747,,35.15,7.369,,
137661,4.805,,,353,10.33435366,-5.490353665,-0.993761367,,35.25,7.421,,
112548,4.664,,,354,10.36384772,-7.26884772,-1.315671173,,35.35,7.425,,
111249,10.574,,,355,10.11137665,-8.329376651,-1.50762833,,35.45,7.461,,
114334,9.669,,,356,10.05329877,2.067701225,0.374256691,,35.55,7.482,,
118906,4.537,,,357,10.5287041,-4.860704096,-0.879793952,,35.65,7.487,,
72979,5.66,,,358,10.02124507,-2.178245065,-0.394265274,,35.75,7.494,,
64172,10.894,,,359,10.20897949,-5.758979493,-1.042383002,,35.85,7.507,,
107024,12.182,,,360,10.36916862,-2.545168624,-0.46067893,,35.95,7.511,,
50167,2.362,,,361,10.26848687,8.623513134,1.560867427,,36.05,7.524,,
106995,15.723,,,362,10.42514502,-6.347145018,-1.148841749,,36.15,7.563,,
70492,8.895,,,363,10.3161062,-0.761106203,-0.137761242,,36.25,7.564,,
125881,16.697,,,364,10.16897192,3.696028081,0.668986033,,36.35,7.585,,
123294,19.894,,,365,10.16661386,-6.571613861,-1.18947091,,36.45,7.588,,
131045,11.312,,,366,9.900745843,-8.787745843,-1.590593767,,36.55,7.617,,
97635,10.413,,,367,10.40391028,5.827089725,1.054711045,,36.65,7.645,,
94493,13.443,,,368,10.35780596,0.59919404,0.108454924,,36.75,7.664,,
140502,9.989,,,369,9.862271617,-1.114271617,-0.201684655,,36.85,7.696,,
106310,4.03,,,370,10.22552256,2.258477445,0.408787442,,36.95,7.737,,
46240,6.976,,,371,9.881710326,-7.687710326,-1.391485866,,37.05,7.757,,
111163,5.025,,,372,10.20467879,-5.064678786,-0.916713644,,37.15,7.768,,
93753,7.094,,,373,10.34705419,9.369945809,1.695972741,,37.25,7.776,,
63494,19.385,,,374,10.26145545,1.810544546,0.327710988,,37.35,7.783,,
116693,13.835,,,375,10.26386849,-7.092868492,-1.283818697,,37.45,7.797,,
85215,7.425,,,376,9.920441128,-5.115441128,-0.925901695,,37.55,7.799,,
86439,7.799,,,377,10.07385542,-5.409855423,-0.979191077,,37.65,7.808,,
62913,18.241,,,378,10.08179096,0.492209039,0.089090495,,37.75,7.824,,
38872,9.302,,,379,10.06294482,-0.393944821,-0.07130454,,37.85,7.839,,
124655,14.272,,,380,10.03501466,-5.498014659,-0.995148017,,37.95,7.843,,
113506,19.642,,,381,10.31558083,-4.655580833,-0.842666366,,38.05,7.851,,
109980,8.86,,,382,10.36938244,0.524617563,0.094956481,,38.15,7.864,,
91522,7.564,,,383,10.10760131,2.074398686,0.375468941,,38.25,7.869,,
42214,17.538,,,384,10.45493841,-8.092938412,-1.464832692,,38.35,7.887,,
83159,9.55,,,385,10.10777847,5.615221526,1.016362617,,38.45,7.927,,
144082,1.62,,,386,10.33077381,-1.435773815,-0.259876983,,38.55,7.937,,
47885,19.276,,,387,9.992404668,6.704595332,1.213540735,,38.65,7.943,,
126232,6.191,,,388,10.00820855,9.885791454,1.789341494,,38.75,7.953,,
134598,11.699,,,389,9.960858003,1.351141997,0.244558511,,38.85,7.969,,
66604,14.609,,,390,10.16495833,0.248041667,0.044895874,,38.95,7.986,,
115194,5.861,,,391,10.18415268,3.258847317,0.589855729,,39.05,7.995,,
49101,11.9,,,392,9.903085574,0.085914426,0.015550626,,39.15,7.996,,
67811,12.699,,,393,10.11196311,-6.081963111,-1.100843469,,39.25,8.012,,
111043,5.966,,,394,10.4789283,-3.502928295,-0.634034713,,39.35,8.037,,
37748,9.047,,,395,10.08231633,-5.057316331,-0.915381029,,39.45,8.047,,
36403,2.664,,,396,10.18867331,-3.094673313,-0.560140014,,39.55,8.064,,
140136,3.12,,,397,10.37352431,9.011475688,1.631089169,,39.65,8.067,,
121508,19.334,,,398,10.04853379,3.786466214,0.685355456,,39.75,8.115,,
79906,18.021,,,399,10.24083161,-2.815831607,-0.509669292,,39.85,8.13,,
123144,16.261,,,400,10.23335424,-2.434354241,-0.440621378,,39.95,8.162,,
46953,17.436,,,401,10.37707362,7.863926383,1.423381208,,40.05,8.205,,
79443,14.637,,,402,10.52393911,-1.221939108,-0.221172615,,40.15,8.218,,
51395,2.378,,,403,9.999894252,4.272105748,0.773256862,,40.25,8.219,,
134408,3.56,,,404,10.06800304,9.57399696,1.732906273,,40.35,8.222,,
71853,8.037,,,405,10.08954323,-1.22954323,-0.222548971,,40.45,8.226,,
68028,7.869,,,406,10.2023024,-2.638302401,-0.477536268,,40.55,8.276,,
149903,5.63,,,407,10.50352297,7.034477034,1.273249765,,40.65,8.294,,
79123,19.422,,,408,10.25339163,-0.703391627,-0.127314827,,40.75,8.309,,
104014,7.077,,,409,9.8812155,-8.2612155,-1.49529107,,40.85,8.34,,
121160,12.993,,,410,10.46887906,8.807120943,1.594100686,,40.95,8.379,,
65362,7.132,,,411,9.990260424,-3.799260424,-0.687671225,,41.05,8.382,,
50701,14.227,,,412,9.93915287,1.75984713,0.318534688,,41.15,8.399,,
144709,10.069,,,413,10.35452545,4.254474552,0.770065592,,41.25,8.4,,
53061,11.864,,,414,10.05769112,-4.196691116,-0.759606713,,41.35,8.411,,
36697,11.196,,,415,10.46145056,1.438549437,0.260379375,,41.45,8.454,,
69244,6.22,,,416,10.34715193,2.351848065,0.42568765,,41.55,8.457,,
101036,2.826,,,417,10.08304941,-4.117049406,-0.745191457,,41.65,8.461,,
52119,11.343,,,418,10.53080558,-1.483805578,-0.268570797,,41.75,8.475,,
46666,1.886,,,419,10.53902213,-7.875022128,-1.425389553,,41.85,8.525,,
73437,2.518,,,420,9.905321454,-6.785321454,-1.228152271,,41.95,8.567,,
86318,18.492,,,421,10.01911915,9.314880853,1.68600591,,42.05,8.572,,
76409,7.008,,,422,10.27326407,7.747735928,1.40235058,,42.15,8.578,,
71642,1.496,,,423,10.00912489,6.25187511,1.131597768,,42.25,8.611,,
67150,15.85,,,424,10.47457261,6.961427392,1.260027682,,42.35,8.639,,
142208,11.204,,,425,10.27609252,4.36090748,0.789330095,,42.45,8.689,,
81183,17.066,,,426,10.44743661,-8.06943661,-1.460578834,,42.55,8.696,,
107163,3.665,,,427,9.940313572,-6.380313572,-1.154845302,,42.65,8.701,,
55038,19.691,,,428,10.32245952,-2.285459521,-0.413671234,,42.75,8.723,,
140002,19.49,,,429,10.34582629,-2.47682629,-0.448308876,,42.85,8.738,,
146812,1.965,,,430,9.845655248,-4.215655248,-0.763039246,,42.95,8.748,,
40119,4.338,,,431,10.27804739,9.143952613,1.65506767,,43.05,8.756,,
136602,10.429,,,432,10.12598928,-3.048989281,-0.551871144,,43.15,8.833,,
69579,18.029,,,433,10.02124507,2.971754935,0.537891623,,43.25,8.842,,
101457,6.662,,,434,10.36211278,-3.230112776,-0.584654739,,43.35,8.86,,
121232,16.624,,,435,10.45167623,3.775323772,0.683338659,,43.45,8.862,,
102626,15.843,,,436,9.877385183,0.191614817,0.034682539,,43.55,8.866,,
137171,5.574,,,437,10.43725908,1.426740916,0.258242017,,43.65,8.879,,
88276,14.248,,,438,10.53722609,0.658773906,0.119238959,,43.75,8.895,,
43354,13.946,,,439,10.3383978,-4.118397796,-0.745435517,,43.85,8.932,,
125556,7.996,,,440,10.14418176,-7.318181762,-1.324600701,,43.95,8.94,,
59862,3.269,,,441,10.44301372,0.899986276,0.162898721,,44.05,8.941,,
74640,18.641,,,442,10.47632588,-8.590325879,-1.554860489,,44.15,8.945,,
52875,4.188,,,443,10.31278293,-7.79478293,-1.41086615,,44.25,8.957,,
58789,5.461,,,444,10.23409342,8.257906575,1.49469215,,44.35,8.965,,
122897,8.222,,,445,10.2946271,-3.286627103,-0.594883907,,44.45,8.992,,
136032,10.696,,,446,10.32374851,-8.827748511,-1.597834304,,44.55,8.996,,
141958,9.078,,,447,10.35118996,5.498810043,0.995291983,,44.65,8.999,,
139917,11.466,,,448,9.89266369,1.31133631,0.237353628,,44.75,8.999,,
147635,14.693,,,449,10.26546293,6.800537069,1.230906318,,44.85,8.999,,
68230,8.047,,,450,10.10675217,-6.441752168,-1.16596577,,44.95,9,,
124365,8.457,,,451,10.42518167,9.265818328,1.677125528,,45.05,9.047,,
104749,11.364,,,452,9.906140054,9.583859946,1.734691486,,45.15,9.048,,
122121,7.937,,,453,9.864538041,-7.899538041,-1.429826966,,45.25,9.061,,
143541,8.461,,,454,10.51632124,-6.178321235,-1.118284419,,45.35,9.078,,
137840,9.705,,,455,9.926910516,0.502089484,0.090878869,,45.45,9.096,,
73354,18.357,,,456,10.33635129,7.692648705,1.392379719,,45.55,9.127,,
47647,18.787,,,457,10.14160989,-3.47960989,-0.629814051,,45.65,9.129,,
106249,15.967,,,458,10.02080522,6.60319478,1.195187099,,45.75,9.146,,
93847,1.085,,,459,10.13446852,5.708531483,1.033251844,,45.85,9.148,,
104815,3.38,,,460,9.923434518,-4.349434518,-0.787253473,,45.95,9.153,,
115436,3.099,,,461,10.22213208,4.025867917,0.728687485,,46.05,9.16,,
50645,11.119,,,462,10.49655875,3.449441248,0.624353486,,46.15,9.177,,
142415,1.985,,,463,9.99439008,-1.99839008,-0.361711281,,46.25,9.192,,
37984,2.021,,,464,10.39571205,-7.126712052,-1.289944427,,46.35,9.212,,
71751,15.918,,,465,10.30543385,8.335566148,1.508748637,,46.45,9.302,,
135882,19.944,,,466,10.43839535,-6.250395351,-1.13132993,,46.55,9.331,,
46007,19.731,,,467,10.40226697,-4.941266965,-0.894375939,,46.65,9.34,,
117055,7.461,,,468,10.0106338,-1.788633803,-0.323745114,,46.75,9.375,,
58478,6.525,,,469,9.930392623,0.765607377,0.138575961,,46.85,9.402,,
121357,18.845,,,470,9.89419093,-0.81619093,-0.147731651,,46.95,9.404,,
44857,13.266,,,471,9.906659316,1.559340684,0.282242752,,47.05,9.494,,
47322,7.25,,,472,9.859510368,4.833489632,0.874868097,,47.15,9.494,,
81077,2.117,,,473,10.34459228,-2.297592281,-0.41586728,,47.25,9.54,,
76394,5.437,,,474,10.00166585,-1.544665851,-0.279586588,,47.35,9.55,,
114356,7.123,,,475,10.1214992,1.242500804,0.22489431,,47.45,9.554,,
41831,4.548,,,476,10.01537436,-2.078374355,-0.376188542,,47.55,9.555,,
90187,14.764,,,477,9.884520447,-1.423520447,-0.257659108,,47.65,9.557,,
72613,11.126,,,478,9.919347624,-0.214347624,-0.038797207,,47.75,9.557,,
42748,9.765,,,479,10.31328997,8.043710027,1.455922288,,47.85,9.564,,
37259,1.763,,,480,10.47033299,8.31666701,1.505327868,,47.95,9.601,,
125033,4.887,,,481,10.11233576,5.854664243,1.059702069,,48.05,9.624,,
38275,10.494,,,482,10.18809907,-9.10309907,-1.647673124,,48.15,9.631,,
71520,13.248,,,483,10.121096,-6.741096005,-1.220147406,,48.25,9.634,,
106472,6.499,,,484,10.05621275,-6.957212748,-1.259264826,,48.35,9.635,,
103684,18.654,,,485,10.45201833,0.66698167,0.120724576,,48.45,9.64,,
96111,15.592,,,486,9.891399135,-7.906399135,-1.431068833,,48.55,9.653,,
90719,6.22,,,487,10.52936386,-8.508363863,-1.540025255,,48.65,9.657,,
140303,17.07,,,488,10.32308263,5.594917365,1.012687537,,48.75,9.66,,
62161,8.13,,,489,9.931308966,10.01269103,1.812310488,,48.85,9.662,,
78883,19.695,,,490,10.48035168,9.250648317,1.674379735,,48.95,9.669,,
63549,19.624,,,491,10.04632234,-2.585322343,-0.467946807,,49.05,9.699,,
63888,18.115,,,492,10.40416685,-3.879166852,-0.702134396,,49.15,9.705,,
97370,10.458,,,493,10.0200416,8.8249584,1.59732929,,49.25,9.712,,
66224,15.979,,,494,10.48737699,2.778623014,0.502934487,,49.35,9.735,,
97915,3.997,,,495,10.4723184,-3.222318402,-0.583243946,,49.45,9.765,,
86883,18.003,,,496,10.26611048,-8.149110481,-1.474999911,,49.55,9.769,,
37812,3.178,,,497,10.29471874,-4.857718737,-0.879253598,,49.65,9.77,,
56580,8.411,,,498,10.06281042,-2.939810424,-0.532109624,,49.75,9.801,,
83895,17.971,,,499,10.5058627,-5.957862697,-1.078381128,,49.85,9.801,,
58047,14.858,,,500,10.21045786,4.553542139,0.824197226,,49.95,9.828,,
124889,15.026,,,501,10.31781671,0.808183288,0.146282258,,50.05,9.849,,
118840,14.509,,,502,10.50026078,-0.735260781,-0.133083186,,50.15,9.851,,
67780,9.54,,,503,10.53379286,-8.770792859,-1.587525255,,50.25,9.862,,
144677,8.696,,,504,9.997585066,-5.110585066,-0.925022742,,50.35,9.989,,
45724,1.022,,,505,10.52758616,-0.033586156,-0.006079139,,50.45,9.999,,
86676,7.175,,,506,10.3244938,2.923506195,0.529158537,,50.55,10.006,,
82401,7.252,,,507,10.11097346,-3.611973459,-0.653772034,,50.65,10.012,,
35575,14.595,,,508,10.12800524,8.525994762,1.543216471,,50.75,10.048,,
123649,10.154,,,509,10.17426839,5.417731613,0.980616678,,50.85,10.056,,
38078,10.28,,,510,10.2072079,-3.987207895,-0.721689969,,50.95,10.069,,
52620,13.773,,,511,9.904301257,7.165698743,1.29700107,,51.05,10.081,,
133366,12.292,,,512,10.38166755,-2.251667555,-0.407554843,,51.15,10.084,,
91462,8.205,,,513,10.27951354,9.415486463,1.70421566,,51.25,10.125,,
146589,4.905,,,514,10.37318832,9.250811681,1.674409304,,51.35,10.146,,
51633,13.472,,,515,10.37111738,7.743882618,1.401653126,,51.45,10.154,,
45181,3.491,,,516,10.16657721,0.291422793,0.052747916,,51.55,10.162,,
62454,3.459,,,517,10.35684685,5.622153147,1.01761725,,51.65,10.166,,
84746,4.82,,,518,10.16324782,-6.166247824,-1.116099115,,51.75,10.169,,
147362,7.851,,,519,10.23064186,7.772358137,1.406807233,,51.85,10.2,,
80803,14.077,,,520,10.5304146,-7.352414604,-1.330796891,,51.95,10.247,,
117293,2.366,,,521,10.41576166,-2.004761656,-0.362864545,,52.05,10.256,,
105689,13.32,,,522,10.24889543,7.722104567,1.397711269,,52.15,10.263,,
93302,9.048,,,523,10.40679981,4.451200187,0.805673196,,52.25,10.28,,
102555,3.672,,,524,9.998464756,5.027535244,0.909990613,,52.35,10.286,,
51525,10.366,,,525,10.03541785,4.473582149,0.809724361,,52.45,10.331,,
41190,3.311,,,526,10.34734131,-0.807341312,-0.146129859,,52.55,10.366,,
75484,3.186,,,527,9.877580669,-1.181580669,-0.213867684,,52.65,10.385,,
82726,16.304,,,528,10.48208052,-9.460080518,-1.712287244,,52.75,10.391,,
122319,19.122,,,529,10.23190642,-3.056906417,-0.553304156,,52.85,10.411,,
127297,11.905,,,530,10.25802222,-3.006022218,-0.544094048,,52.95,10.413,,
109290,13.853,,,531,10.54408035,4.050919654,0.733221883,,53.05,10.429,,
99150,6.007,,,532,10.00603987,0.147960135,0.026780983,,53.15,10.458,,
71930,18.451,,,533,10.52878962,-0.248789621,-0.045031255,,53.25,10.485,,
66819,6.639,,,534,10.43995314,3.333046865,0.603285947,,53.35,10.489,,
42424,18.115,,,535,9.946679108,2.345320892,0.424506223,,53.45,10.494,,
51431,13.295,,,536,10.20266894,-1.997668938,-0.361580753,,53.55,10.527,,
120675,6.51,,,537,9.865900339,-4.960900339,-0.897929606,,53.65,10.574,,
96610,2.097,,,538,10.44598268,3.026017322,0.547713188,,53.75,10.615,,
71430,8.572,,,539,10.48539768,-6.994397683,-1.265995349,,53.85,10.62,,
87713,18.863,,,540,10.37987763,-6.920877629,-1.25268812,,53.95,10.628,,
86723,14.842,,,541,10.24369671,-5.423696709,-0.981696369,,54.05,10.664,,
43414,7.563,,,542,9.861178114,-2.010178114,-0.363844931,,54.15,10.696,,
87145,17.33,,,543,10.26778434,3.809215665,0.689473137,,54.25,10.717,,
91124,12.986,,,544,10.04486841,-7.678868411,-1.389885467,,54.35,10.736,,
48141,12.605,,,545,10.11575677,3.204243226,0.579972315,,54.45,10.751,,
90829,19.142,,,546,10.19142845,-1.143428453,-0.206962081,,54.55,10.763,,
101262,6.773,,,547,10.13490225,-6.462902253,-1.169793964,,54.65,10.833,,
41427,1.431,,,548,10.44664245,-0.080642446,-0.014596391,,54.75,10.867,,
56993,18.623,,,549,10.50977854,-7.19877854,-1.302988557,,54.85,10.894,,
114244,16.69,,,550,10.30027789,-7.11427789,-1.287693827,,54.95,10.895,,
81800,5.435,,,551,10.25603681,6.047963193,1.094689438,,55.05,10.925,,
118736,7.421,,,552,10.01416478,9.107835219,1.648530373,,55.15,10.957,,
66077,5.809,,,553,9.983754382,1.921245618,0.34774803,,55.25,10.966,,
35013,14.879,,,554,10.09375841,3.759241588,0.680427762,,55.35,10.982,,
98393,11.393,,,555,10.15570326,-4.148703259,-0.750920846,,55.45,10.982,,
107111,1.438,,,556,10.32198913,8.129010869,1.471361855,,55.55,10.985,,
65673,1.187,,,557,10.35321202,-3.714212022,-0.672277351,,55.65,11.048,,
65482,18.089,,,558,10.50224008,7.612759916,1.377919741,,55.75,11.051,,
81919,15.118,,,559,10.44721669,2.847783312,0.515452594,,55.85,11.058,,
59277,10.2,,,560,10.02420791,-3.51420791,-0.636076339,,55.95,11.105,,
49501,13.506,,,561,10.17122002,-8.074220016,-1.461444637,,56.05,11.119,,
70367,18.266,,,562,10.32504361,-1.753043611,-0.317303242,,56.15,11.126,,
132156,2.754,,,563,10.22557143,8.637428573,1.56338614,,56.25,11.159,,
56961,7.585,,,564,10.2316193,4.610380704,0.834485082,,56.35,11.176,,
98841,8.945,,,565,10.49619221,-2.933192214,-0.530911719,,56.45,11.178,,
78226,2.419,,,566,10.22904132,7.100958684,1.285283033,,56.55,11.196,,
116931,9.657,,,567,10.20473377,2.781266233,0.503412913,,56.65,11.204,,
87575,13.346,,,568,10.46731516,2.137684836,0.386923818,,56.75,11.209,,
110924,7.808,,,569,10.20653591,8.93546409,1.617330968,,56.85,11.211,,
78351,15.221,,,570,10.14280114,-3.369801137,-0.609938519,,56.95,11.226,,
125574,4.644,,,571,10.50833072,-9.077330717,-1.643009017,,57.05,11.279,,
95198,2.075,,,572,10.41323866,8.209761344,1.485977799,,57.15,11.295,,
121006,3.512,,,573,10.06349463,6.626505372,1.199406348,,57.25,11.308,,
95728,6.752,,,574,10.2616937,-4.826693703,-0.873638025,,57.35,11.312,,
69740,8.294,,,575,10.03605318,-2.615053182,-0.473328128,,57.45,11.343,,
91996,11.506,,,576,10.35774487,-4.54874487,-0.823328914,,57.55,11.364,,
98385,10.925,,,577,10.54751358,4.331486419,0.784004843,,57.65,11.367,,
90556,15.749,,,578,10.16032774,1.232672259,0.22311533,,57.75,11.378,,
50366,9.862,,,579,10.10706983,-8.669069834,-1.569113251,,57.85,11.39,,
84232,15.704,,,580,10.36021289,-9.17321289,-1.660363819,,57.95,11.393,,
100888,12.49,,,581,10.3613797,7.727620299,1.398709624,,58.05,11.411,,
141335,15.427,,,582,10.26096674,4.857033263,0.879129526,,58.15,11.416,,
97691,2.142,,,583,10.39928579,-0.199285793,-0.036070995,,58.25,11.449,,
47266,10.256,,,584,10.45900698,3.046993021,0.551509818,,58.35,11.451,,
139754,12.74,,,585,10.33153743,7.934462565,1.436148351,,58.45,11.466,,
116236,17.274,,,586,9.954070949,-7.200070949,-1.303222485,,58.55,11.479,,
103405,15.91,,,587,10.41343414,-2.828434143,-0.511950368,,58.65,11.506,,
41453,10.084,,,588,10.15759093,-1.212590928,-0.219480582,,58.75,11.513,,
52730,12.525,,,589,10.28352712,-7.864527124,-1.423489943,,58.85,11.517,,
60361,7.099,,,590,10.04707985,-0.390079854,-0.070604976,,58.95,11.518,,
63103,11.378,,,591,10.22641446,3.119585537,0.56464916,,59.05,11.58,,
65168,11.513,,,592,10.08377637,-2.275776373,-0.411918571,,59.15,11.583,,
73105,6.083,,,593,10.2827635,4.938236496,0.89382742,,59.25,11.593,,
37916,12.929,,,594,9.994280119,-5.350280119,-0.968407867,,59.35,11.598,,
45682,1.451,,,595,10.17984587,-8.104845866,-1.466987957,,59.45,11.625,,
69297,1.268,,,596,10.02218584,-6.510185845,-1.178352357,,59.55,11.626,,
59070,19.064,,,597,10.17660812,-3.424608118,-0.619858656,,59.65,11.671,,
81215,8.4,,,598,10.33536775,-2.041367752,-0.369490297,,59.75,11.682,,
128036,18.824,,,599,10.19940675,1.306593246,0.236495128,,59.85,11.699,,
89780,8.999,,,600,10.16037661,0.764623387,0.138397857,,59.95,11.712,,
125018,9.601,,,601,10.20820366,5.540796345,1.002891559,,60.05,11.716,,
133033,12.2,,,602,10.45372273,-0.591722729,-0.107102607,,60.15,11.738,,
82408,8.701,,,603,10.24683671,5.457163286,0.987753864,,60.25,11.749,,
131755,2.93,,,604,10.14508589,2.344914112,0.424432595,,60.35,11.849,,
128305,16.636,,,605,9.897996811,5.529003189,1.000756982,,60.45,11.858,,
147309,1.702,,,606,10.16461623,-8.022616231,-1.452104283,,60.55,11.864,,
74911,19.513,,,607,10.4726605,-0.216660503,-0.039215841,,60.65,11.879,,
47079,2.617,,,608,9.907655076,2.832344924,0.512658225,,60.75,11.9,,
82873,1.869,,,609,10.05132558,7.222674419,1.307313744,,60.85,11.905,,
134673,6.878,,,610,10.12970964,5.780290363,1.046240297,,60.95,11.907,,
123591,6.5,,,611,10.50817188,-0.424171884,-0.076775679,,61.05,11.934,,
75598,19.289,,,612,10.43928115,2.08571885,0.377517905,,61.15,11.955,,
89831,13.047,,,613,10.39266368,-3.293663681,-0.596157538,,61.25,11.985,,
92430,2.924,,,614,10.37591291,1.002087085,0.181379105,,61.35,11.996,,
126956,18.396,,,615,10.36329791,1.149702086,0.208097617,,61.45,12.026,,
112467,1.433,,,616,10.3148111,-4.231811104,-0.765963478,,61.55,12.045,,
46665,19.391,,,617,10.52977927,2.399220727,0.434262165,,61.65,12.048,,
42553,3.756,,,618,10.48233709,-9.031337095,-1.63468411,,61.75,12.062,,
102081,5.203,,,619,10.33807402,-9.070074021,-1.641695546,,61.85,12.072,,
135118,15.108,,,620,10.40055035,8.663449652,1.56809599,,61.95,12.075,,
71975,9.77,,,621,10.26526744,-1.865267444,-0.337615906,,62.05,12.09,,
149908,18.912,,,622,9.979239861,8.844760139,1.600913431,,62.15,12.121,,
45418,10.162,,,623,10.21294421,-1.213944208,-0.219725528,,62.25,12.159,,
79145,19.78,,,624,9.9976767,-0.3966767,-0.071799014,,62.35,12.182,,
122920,5.32,,,625,9.948713391,2.251286609,0.407485891,,62.45,12.182,,
128031,15.857,,,626,10.25797946,-1.556979456,-0.281815367,,62.55,12.182,,
59969,14.064,,,627,9.956520641,-7.026520641,-1.271809647,,62.65,12.184,,
35381,11.749,,,628,9.977596551,6.658403449,1.205179942,,62.75,12.2,,
113129,17.371,,,629,9.861501889,-8.159501889,-1.47688077,,62.85,12.211,,
141932,1.017,,,630,10.30377832,9.209221676,1.666881458,,62.95,12.254,,
42296,16.922,,,631,10.47380288,-7.856802879,-1.422091844,,63.05,12.292,,
63395,11.411,,,632,10.25513879,-8.38613879,-1.517902353,,63.15,12.299,,
125382,13.613,,,633,9.938694698,-3.060694698,-0.55398984,,63.25,12.345,,
113592,17.108,,,634,10.00639419,-3.506394185,-0.634662044,,63.35,12.391,,
46750,11.367,,,635,10.29958147,8.989418531,1.627096794,,63.45,12.396,,
90285,13.591,,,636,10.21263265,2.834367349,0.513024286,,63.55,12.428,,
53692,4.785,,,637,10.19675547,-7.272755466,-1.31637848,,63.65,12.447,,
100341,6.662,,,638,9.985837537,8.410162463,1.52225067,,63.75,12.452,,
123876,4.225,,,639,10.07435025,-8.641350248,-1.564095969,,63.85,12.463,,
41643,4.659,,,640,10.47633199,8.914668012,1.61356685,,63.95,12.467,,
113760,12.866,,,641,10.50145203,-6.745452028,-1.220935852,,64.05,12.484,,
49473,12.463,,,642,10.1377979,-4.9347979,-0.893205029,,64.15,12.49,,
146141,3.645,,,643,9.935976211,5.172023789,0.936143233,,64.25,12.506,,
79459,7.776,,,644,10.32171423,-0.551714228,-0.099861014,,64.35,12.525,,
104496,14.771,,,645,9.845624703,9.066375297,1.641026072,,64.45,12.599,,
67789,17.105,,,646,10.48394986,-0.32194986,-0.058273356,,64.55,12.605,,
86564,11.879,,,647,10.27791299,9.50208701,1.719890475,,64.65,12.637,,
135758,14.782,,,648,10.0104933,-4.690493297,-0.848985569,,64.75,12.659,,
84672,3.96,,,649,9.979270406,5.877729594,1.063876929,,64.85,12.699,,
111580,10.982,,,650,10.39505839,3.668941607,0.664083345,,64.95,12.737,,
50455,16.248,,,651,10.54526548,1.203734516,0.21787756,,65.05,12.74,,
88733,1.932,,,652,10.07030612,7.300693883,1.321435371,,65.15,12.752,,
130577,12.791,,,653,9.894349763,-8.877349763,-1.606812197,,65.25,12.757,,
138925,9.801,,,654,10.50302203,6.418977969,1.16184361,,65.35,12.772,,
62371,15.77,,,655,10.3741291,1.036870901,0.187675022,,65.45,12.791,,
87715,2.675,,,656,9.995453039,3.617546961,0.654780845,,65.55,12.801,,
66029,3.345,,,657,10.06747767,7.040522331,1.274343972,,65.65,12.866,,
86818,14.301,,,658,10.47581273,0.891187274,0.16130609,,65.75,12.922,,
75147,17.398,,,659,10.20985918,3.381140817,0.611991016,,65.85,12.929,,
105573,5.268,,,660,10.43340433,-5.648404331,-1.022368749,,65.95,12.942,,
41230,6.611,,,661,10.14842749,-3.486427489,-0.631048045,,66.05,12.984,,
117787,10.485,,,662,10.00465313,-5.779653132,-1.046124958,,66.15,12.986,,
88086,19.387,,,663,10.50701118,-5.848011181,-1.058497856,,66.25,12.993,,
91462,18.704,,,664,10.06645136,2.799548636,0.506722053,,66.35,13,,
139959,8.992,,,665,10.45917803,2.00382197,0.36269446,,66.45,13.001,,
93901,17.821,,,666,9.868637153,-6.223637153,-1.12648666,,66.55,13.023,,
50529,17.263,,,667,10.27599478,-2.499994777,-0.452502403,,66.65,13.04,,
134988,13.926,,,668,10.12304476,4.647955237,0.841286123,,66.75,13.047,,
120941,3.694,,,669,10.34728633,6.757713668,1.223155225,,66.85,13.079,,
118753,8.162,,,670,10.23259062,1.646409379,0.298002303,,66.95,13.101,,
92799,2.782,,,671,9.932066477,4.849933523,0.877844463,,67.05,13.132,,
85718,13.326,,,672,10.24414877,-6.284148772,-1.137439344,,67.15,13.178,,
109517,5.146,,,673,10.0797689,0.902231105,0.163305038,,67.25,13.198,,
85550,11.593,,,674,10.45317903,5.794820968,1.048870356,,67.35,13.218,,
136655,9.801,,,675,10.21934029,-8.287340288,-1.500019692,,67.45,13.248,,
43312,8.218,,,676,9.963716995,2.827283005,0.511742011,,67.55,13.266,,
102839,10.385,,,677,9.912719403,-0.111719403,-0.020221362,,67.65,13.295,,
78891,7.927,,,678,10.38038467,5.389615327,0.975527593,,67.75,13.32,,
93201,11.712,,,679,10.22555921,-7.550559209,-1.36666133,,67.85,13.326,,
84693,6.976,,,680,10.3580381,-7.0130381,-1.269369289,,67.95,13.346,,
73587,9.769,,,681,10.23103895,4.069961055,0.736668402,,68.05,13.443,,
65251,11.211,,,682,10.30233661,7.095663391,1.284324577,,68.15,13.448,,
129148,15.193,,,683,10.11646541,-4.848465414,-0.877578734,,68.25,13.457,,
128175,18.473,,,684,10.50953418,-3.898534182,-0.705639908,,68.35,13.464,,
75825,7.839,,,685,10.04185058,0.443149415,0.080210638,,68.45,13.47,,
51821,1.197,,,686,10.22329278,9.163707215,1.658643279,,68.55,13.472,,
60411,12.048,,,687,10.20266894,8.501331062,1.538752308,,68.65,13.492,,
58327,17.095,,,688,9.906402739,-0.914402739,-0.165508121,,68.75,13.506,,
46478,16.552,,,689,10.18776919,7.633230813,1.381625001,,68.85,13.591,,
123963,15.745,,,690,10.45272697,6.810273031,1.23266854,,68.95,13.592,,
79796,9.851,,,691,9.936770376,3.989229624,0.722055905,,69.05,13.613,,
83809,12.922,,,692,10.02258293,-6.328582927,-1.145481986,,69.15,13.623,,
77933,13.132,,,693,10.03594933,-1.87394933,-0.339187339,,69.25,13.645,,
51070,13.806,,,694,10.19450126,-7.41250126,-1.341672656,,69.35,13.657,,
97480,11.518,,,695,10.2377588,3.0882412,0.558975793,,69.45,13.657,,
58357,7.969,,,696,10.09237168,-4.946371678,-0.895299899,,69.55,13.677,,
67165,13.001,,,697,10.23878511,1.354214894,0.24511471,,69.65,13.707,,
145988,18.685,,,698,9.926586741,-0.125586741,-0.022731368,,69.75,13.773,,
147417,11.626,,,699,10.49681533,-2.278815328,-0.412468627,,69.85,13.806,,
95003,5.197,,,700,10.13316731,0.251832692,0.045582054,,69.95,13.813,,
144187,11.416,,,701,10.27946467,-2.352464666,-0.425799255,,70.05,13.823,,
37888,13.47,,,702,10.19204546,1.519954542,0.275113808,,70.15,13.83,,
131513,1.876,,,703,10.24402048,-3.268020484,-0.591516085,,70.25,13.835,,
77287,13,,,704,10.31186659,-0.542866586,-0.098259579,,70.35,13.853,,
46875,12.942,,,705,10.36279087,0.84820913,0.153526989,,70.45,13.865,,
82744,19.111,,,706,9.972446698,5.220553302,0.94492714,,70.55,13.873,,
43252,18.892,,,707,9.978390716,8.494609284,1.537535658,,70.65,13.886,,
66047,18.674,,,708,10.29819473,-2.459194735,-0.445117541,,70.75,13.892,,
118431,12.772,,,709,10.44483419,-9.247834194,-1.673870375,,70.85,13.926,,
59943,1.432,,,710,10.39235823,1.655641767,0.299673377,,70.95,13.946,,
136681,3.655,,,711,10.4050893,6.689910695,1.210882796,,71.05,14.009,,
138807,1.4,,,712,10.47747436,6.074525637,1.099497276,,71.15,14.063,,
82884,6.837,,,713,10.00412165,5.740878348,1.03910667,,71.25,14.064,,
48668,11.716,,,714,10.27393606,-0.422936057,-0.076551993,,71.35,14.077,,
122971,14.618,,,715,10.2494208,2.672579196,0.483740414,,71.45,14.077,,
107050,12.737,,,716,10.28531705,2.846682951,0.515253427,,71.55,14.085,,
138598,14.737,,,717,10.44942202,3.356577978,0.60754511,,71.65,14.166,,
149456,3.533,,,718,10.16590522,1.352094779,0.244730966,,71.75,14.223,,
128540,15.941,,,719,10.40490604,-2.435906036,-0.440902255,,71.85,14.226,,
61117,2.844,,,720,10.35109832,2.649901678,0.479635753,,71.95,14.227,,
100949,13.813,,,721,9.869571824,8.815428176,1.595604307,,72.05,14.248,,
46829,5.19,,,722,9.860842121,1.765157879,0.31949594,,72.15,14.249,,
69111,14.625,,,723,10.18103711,-4.984037113,-0.902117393,,72.25,14.272,,
46602,1.027,,,724,9.880574059,1.535425941,0.277914152,,72.35,14.301,,
61181,16.559,,,725,10.52995032,2.940049676,0.532152929,,72.45,14.316,,
94963,19.626,,,726,9.95799901,-8.08199901,-1.462852645,,72.55,14.33,,
85789,9.712,,,727,10.28926344,2.710736564,0.490646949,,72.65,14.344,,
145274,16.379,,,728,10.47504911,2.466950894,0.446521416,,72.75,14.356,,
102841,3.369,,,729,10.25592685,8.855073155,1.602780101,,72.85,14.372,,
49665,18.338,,,730,10.49718187,8.394818134,1.519473326,,72.95,14.422,,
41928,5.478,,,731,10.35792814,8.316071861,1.505220145,,73.05,14.443,,
128042,2.03,,,732,10.03791642,2.734083585,0.494872791,,73.15,14.509,,
86150,3.997,,,733,10.39521723,-8.963217226,-1.622354323,,73.25,14.543,,
121816,10.615,,,734,9.926427908,-6.271427908,-1.135136851,,73.35,14.595,,
123409,7.783,,,735,9.91344026,-8.51344026,-1.54094409,,73.45,14.603,,
98295,7.617,,,736,10.25507159,-3.418071591,-0.618675536,,73.55,14.609,,
59678,10.895,,,737,10.46409574,1.251904258,0.226596347,,73.65,14.618,,
57871,4.02,,,738,10.01018174,4.60781826,0.834021277,,73.75,14.625,,
132084,10.006,,,739,10.10744248,2.629557519,0.475953433,,73.85,14.637,,
35633,3.947,,,740,9.914717033,4.822282967,0.872839676,,73.95,14.66,,
125298,3.019,,,741,9.848385953,-6.315385953,-1.143093316,,74.05,14.693,,
115582,15.343,,,742,9.976160946,5.964839054,1.079643858,,74.15,14.727,,
148339,11.479,,,743,10.38804531,-7.544045308,-1.365482305,,74.25,14.737,,
112975,9.699,,,744,10.14471324,3.668286759,0.663964816,,74.35,14.752,,
36927,18.769,,,745,10.47533012,-5.285330118,-0.95665183,,74.45,14.764,,
70248,9.66,,,746,10.33921029,4.285789713,0.775733678,,74.55,14.771,,
141305,9.849,,,747,10.47671685,-9.449716852,-1.710411407,,74.65,14.782,,
72002,13.178,,,748,10.38765433,6.171345665,1.117021831,,74.75,14.822,,
102577,12.026,,,749,10.18128147,9.444718528,1.709506703,,74.85,14.837,,
113554,18.018,,,750,10.23732506,-0.525325064,-0.09508454,,74.95,14.837,,
47176,10.736,,,751,9.873933621,6.505066379,1.177425727,,75.05,14.841,,
106428,10.867,,,752,10.13315509,-6.76415509,-1.224321131,,75.15,14.842,,
75181,6.06,,,753,10.45800511,7.87999489,1.426289629,,75.25,14.858,,
79047,18.784,,,754,10.50527013,-5.027270128,-0.909942626,,75.35,14.879,,
52970,4.513,,,755,9.979203207,-7.949203207,-1.438816427,,75.45,14.955,,
137979,5.266,,,756,10.23511973,-6.23811973,-1.129108026,,75.55,14.987,,
114360,17.799,,,757,10.01723759,0.597762412,0.108195797,,75.65,14.995,,
110306,16.843,,,758,10.00750602,-2.224506016,-0.402638568,,75.75,15.026,,
46378,9.127,,,759,10.16092642,-2.543926419,-0.460454089,,75.85,15.081,,
74104,17.68,,,760,10.3968361,0.4981639,0.090168333,,75.95,15.107,,
132505,13.592,,,761,10.40787499,-6.38787499,-1.156213929,,76.05,15.108,,
96649,3.453,,,762,9.954510794,0.051489206,0.009319615,,76.15,15.118,,
57811,8.941,,,763,10.54372603,-6.596726027,-1.194016246,,76.25,15.12,,
111468,2.58,,,764,9.995966192,-6.976966192,-1.262840225,,76.35,15.132,,
141498,4.135,,,765,10.05532084,5.28767916,0.95707701,,76.45,15.193,,
124441,16.353,,,766,9.855209661,1.623790339,0.293908226,,76.55,15.211,,
40121,6.293,,,767,10.0712469,-0.372246897,-0.067377187,,76.65,15.221,,
129712,11.058,,,768,10.53582103,8.233178967,1.49021642,,76.75,15.266,,
126010,19.601,,,769,10.3322644,-0.672264401,-0.121680757,,76.85,15.295,,
122762,9.564,,,770,9.89818008,-0.04918008,-0.00890166,,76.95,15.343,,
149105,13.707,,,771,10.32154929,2.856450714,0.517021405,,77.05,15.364,,
44021,10.286,,,772,10.13476786,1.891232144,0.342315551,,77.15,15.397,,
42025,3.319,,,773,10.06770981,7.95029019,1.439013173,,77.25,15.402,,
59970,12.801,,,774,10.47321031,0.26278969,0.047565286,,77.35,15.407,,
145001,19.85,,,775,10.11124225,0.755757747,0.136793164,,77.45,15.427,,
102589,17.952,,,776,10.3021289,-4.242128905,-0.767831013,,77.55,15.517,,
47529,2.712,,,777,10.27851167,8.505488332,1.53950478,,77.65,15.528,,
148941,11.517,,,778,10.437815,-5.924814999,-1.07239945,,77.75,15.574,,
91109,17.499,,,779,9.918498479,-4.652498479,-0.842108456,,77.85,15.585,,
51923,13.623,,,780,10.06278599,7.736214012,1.400265098,,77.95,15.592,,
53954,19.075,,,781,10.08755171,6.755448291,1.222745188,,78.05,15.602,,
39335,10.664,,,782,10.47808526,-1.351085259,-0.244548241,,78.15,15.653,,
111371,15.081,,,783,10.30870825,7.371291746,1.334213679,,78.25,15.704,,
86676,6.081,,,784,9.951938922,3.640061078,0.65885593,,78.35,15.723,,
115057,2.089,,,785,10.17098177,-6.717981766,-1.215963697,,78.45,15.745,,
145357,3.459,,,786,10.40824153,-1.467241527,-0.265572682,,78.55,15.749,,
36749,19.754,,,787,10.0804531,-7.500453099,-1.357592057,,78.65,15.77,,
89854,7.227,,,788,9.897001051,-5.762001051,-1.042929908,,78.75,15.794,,
134048,6.818,,,789,10.00120157,6.35179843,1.149684023,,78.85,15.804,,
141311,5.478,,,790,10.51630902,-4.223309017,-0.764424589,,78.95,15.835,,
123621,19.767,,,791,9.969001245,1.088998755,0.197110233,,79.05,15.843,,
54941,3.221,,,792,9.991616613,9.609383387,1.739311263,,79.15,15.85,,
106562,4,,,793,10.01145851,-0.447458512,-0.08099059,,79.25,15.857,,
39371,4.068,,,794,9.850530198,3.856469802,0.698026199,,79.35,15.858,,
83112,4.083,,,795,10.49248408,-0.206484076,-0.037373894,,79.45,15.866,,
96941,10.048,,,796,10.50467756,-7.185677559,-1.300617262,,79.55,15.901,,
47232,17.862,,,797,10.39505228,2.405947716,0.435479759,,79.65,15.91,,
54058,5.182,,,798,9.875601367,9.974398633,1.805379512,,79.75,15.918,,
80399,12.254,,,799,10.13469455,7.817305452,1.414942757,,79.85,15.931,,
118043,7.266,,,800,10.47105385,-7.759053847,-1.404399138,,79.95,15.941,,
109411,9.494,,,801,9.851532067,1.665467933,0.301451927,,80.05,15.967,,
97566,2.147,,,802,10.2048254,7.294174599,1.320255372,,80.15,15.979,,
69267,5.89,,,803,10.44421108,3.17878892,0.575365052,,80.25,16.014,,
87103,5.665,,,804,10.43180378,8.643196217,1.564430091,,80.35,16.044,,
98811,7.487,,,805,10.52111066,0.142889341,0.025863162,,80.45,16.084,,
149684,7.864,,,806,10.08104567,4.999954332,0.904998431,,80.55,16.135,,
71383,2.097,,,807,10.23190642,-4.150906417,-0.751319621,,80.65,16.158,,
81206,19.908,,,808,10.05852804,-7.969528044,-1.44249525,,80.75,16.18,,
69112,7.588,,,809,9.873426577,-6.414426577,-1.161019802,,80.85,16.194,,
120672,19.467,,,810,10.53690843,9.217091572,1.668305919,,80.95,16.231,,
96511,9.331,,,811,10.21249214,-2.985492145,-0.540378077,,81.05,16.248,,
49325,2.071,,,812,9.942512798,-3.124512798,-0.565541001,,81.15,16.261,,
132175,2.28,,,813,9.898143426,-4.420143426,-0.80005188,,81.25,16.304,,
118037,13.492,,,814,10.00621092,9.760789084,1.766715897,,81.35,16.306,,
139570,15.804,,,815,10.42577424,-7.204774241,-1.304073787,,81.45,16.323,,
115280,9.153,,,816,10.11042365,-6.110423653,-1.105994865,,81.55,16.353,,
51065,16.807,,,817,10.52089074,-6.452890737,-1.167981866,,81.65,16.379,,
103854,4.924,,,818,10.25367875,-6.170678748,-1.116901118,,81.75,16.439,,
48354,19.501,,,819,10.16919795,-0.12119795,-0.021936991,,81.85,16.443,,
132327,19.264,,,820,10.47286821,7.389131792,1.337442751,,81.95,16.455,,
106362,8.965,,,821,10.43116845,-5.249168452,-0.95010652,,82.05,16.475,,
148857,8.738,,,822,10.27025235,1.983747645,0.359060981,,82.15,16.552,,
131131,11.682,,,823,10.04028669,-2.774286691,-0.502149607,,82.25,16.559,,
129663,15.574,,,824,10.09301923,-0.599019228,-0.108423283,,82.35,16.565,,
41449,4.707,,,825,10.16537985,-8.018379851,-1.451337492,,82.45,16.624,,
93368,2.88,,,826,10.33825729,-4.44825729,-0.805140527,,82.55,16.636,,
53335,9.192,,,827,10.22929789,-4.564297892,-0.826144032,,82.65,16.655,,
148291,6.002,,,828,10.1577742,-2.670774196,-0.483413707,,82.75,16.675,,
147842,16.158,,,829,9.84699311,-1.98299311,-0.358924409,,82.85,16.69,,
105066,17.343,,,830,10.32533073,-8.228330732,-1.489338883,,82.95,16.697,,
139284,11.39,,,831,10.26532242,9.642677575,1.745337556,,83.05,16.736,,
63046,10.411,,,832,10.33920418,-2.751204179,-0.497971641,,83.15,16.807,,
89700,2.277,,,833,10.02422624,9.442773763,1.709154698,,83.25,16.843,,
108946,12.211,,,834,10.1718248,-0.840824803,-0.152190415,,83.35,16.922,,
98406,7.943,,,835,10.46008216,-8.389082156,-1.518435106,,83.45,16.923,,
108581,9.634,,,836,9.953954879,-7.673954879,-1.388996111,,83.55,16.941,,
41808,19.239,,,837,10.04032335,3.451676655,0.624758098,,83.65,16.961,,
36837,14.66,,,838,9.908779125,5.895220875,1.067042874,,83.75,16.968,,
140850,18.855,,,839,10.05716575,-0.904165746,-0.163655211,,83.85,16.991,,
50426,18.536,,,840,10.44945257,6.357547433,1.1507246,,83.95,17.018,,
134120,6.842,,,841,10.12696671,-5.202966715,-0.941743944,,84.05,17.029,,
57292,6.01,,,842,10.46601396,9.034986044,1.635344575,,84.15,17.066,,
80633,16.306,,,843,9.953026317,9.310973683,1.685298707,,84.25,17.07,,
131943,14.249,,,844,10.11164544,-1.146645445,-0.207544361,,84.35,17.095,,
48046,7.737,,,845,9.85204522,-1.11404522,-0.201643677,,84.45,17.105,,
97443,13.657,,,846,9.960332632,1.721667368,0.3116241,,84.55,17.108,,
135352,7.986,,,847,9.969300584,5.604699416,1.014458101,,84.65,17.138,,
107816,18.751,,,848,10.50819632,-5.801196319,-1.050024304,,84.75,17.179,,
96329,2.469,,,849,10.19102526,-7.311025262,-1.323305364,,84.85,17.263,,
73749,19.332,,,850,10.43558523,-1.243585229,-0.225090592,,84.95,17.269,,
75607,4.299,,,851,9.855502891,-3.853502891,-0.697489184,,85.05,17.274,,
98858,3.525,,,852,9.858245813,6.299754187,1.140263945,,85.15,17.29,,
76485,9.212,,,853,10.11956266,7.223437344,1.307451834,,85.25,17.308,,
41238,8.219,,,854,9.910526287,1.479473713,0.267786724,,85.35,17.33,,
114896,13.823,,,855,10.37626113,0.034738874,0.006287783,,85.45,17.343,,
125418,8.064,,,856,10.21343292,-7.936432925,-1.436504989,,85.55,17.371,,
75415,19.132,,,857,10.09585989,2.115140106,0.382843192,,85.65,17.398,,
90998,8.382,,,858,10.16024832,-2.217248325,-0.401324916,,85.75,17.426,,
142868,6.318,,,859,10.09808966,-0.464089664,-0.084000851,,85.85,17.436,,
135990,14.344,,,860,10.5060032,8.732996797,1.580684117,,85.95,17.44,,
57300,18.015,,,861,10.53637084,4.12362916,0.746382401,,86.05,17.445,,
73706,18.53,,,862,9.900959657,8.954040343,1.620693295,,86.15,17.463,,
85871,9.16,,,863,10.45335619,8.082643808,1.462969355,,86.25,17.492,,
96795,14.837,,,864,9.942072953,-3.100072953,-0.561117357,,86.35,17.495,,
92242,15.407,,,865,10.41141208,-4.401412077,-0.796661481,,86.45,17.499,,
115149,11.934,,,866,10.26882286,6.037177142,1.092737148,,86.55,17.517,,
126924,1.552,,,867,9.955372157,4.293627843,0.77715239,,86.65,17.538,,
145329,7.1,,,868,10.46789552,-2.730895515,-0.494295746,,86.75,17.578,,
92587,8.475,,,869,10.16613125,3.490868747,0.631851919,,86.85,17.612,,
60263,2.709,,,870,9.934546715,-1.948546715,-0.352689565,,86.95,17.648,,
91406,5.681,,,871,10.10276302,8.648236982,1.565342477,,87.05,17.653,,
37005,7.645,,,872,10.17293663,-7.703936633,-1.394422849,,87.15,17.667,,
139791,16.968,,,873,10.31087693,9.021123066,1.632835357,,87.25,17.68,,
45267,3.942,,,874,10.29952649,-6.000526488,-1.086103331,,87.35,17.695,,
95296,10.146,,,875,10.15748708,-6.632487075,-1.200489044,,87.45,17.799,,
59680,15.211,,,876,10.29416282,-1.082162822,-0.19587292,,87.55,17.821,,
144701,16.323,,,877,10.50948531,-2.29048531,-0.414580909,,87.65,17.862,,
35477,18.178,,,878,10.05951159,3.763488414,0.681196444,,87.75,17.885,,
119266,6.911,,,879,9.995233116,-1.931233116,-0.349555781,,87.85,17.94,,
103877,6.322,,,880,10.30069941,8.831300592,1.598477235,,87.95,17.952,,
47605,14.955,,,881,10.2055035,-1.823503495,-0.330056575,,88.05,17.971,,
136604,6.16,,,882,9.888631777,-3.570631777,-0.646289134,,88.15,17.984,,
121250,4.363,,,883,9.930649199,4.413350801,0.798822406,,88.25,17.999,,
35884,17.667,,,884,10.41136321,7.603636794,1.376268444,,88.35,18.003,,
137144,10.081,,,885,10.31113962,8.21886038,1.487624737,,88.45,18.015,,
102697,3.283,,,886,10.23682413,-1.07682413,-0.19490661,,88.55,18.018,,
61999,6.466,,,887,10.17008986,4.666910142,0.844716986,,88.65,18.021,,
45223,8.879,,,888,10.19790395,5.20909605,0.942853362,,88.75,18.029,,
54033,15.528,,,889,10.05796602,1.876033981,0.339564663,,88.85,18.04,,
126120,1.02,,,890,9.986033024,-8.434033024,-1.526571273,,88.95,18.089,,
99747,6.168,,,891,9.873597628,-2.773597628,-0.502024885,,89.05,18.093,,
71958,5.272,,,892,10.19579636,-1.720796359,-0.311466446,,89.15,18.099,,
115566,6.716,,,893,10.39326236,-7.684262359,-1.390861779,,89.25,18.115,,
118369,7.696,,,894,10.20301104,-4.52201104,-0.818490055,,89.35,18.115,,
51667,6.339,,,895,10.53534453,-2.890344535,-0.523156232,,89.45,18.178,,
85858,19.475,,,896,9.907429045,7.060570955,1.277972799,,89.55,18.197,,
131423,8.957,,,897,10.48487231,-6.542872313,-1.184268652,,89.65,18.225,,
49538,9.828,,,898,10.17924719,-0.033247188,-0.006017786,,89.75,18.241,,
50369,18.9,,,899,10.39682388,4.814176117,0.871372325,,89.85,18.243,,
86615,3.412,,,900,9.877434054,6.445565946,1.166656069,,89.95,18.266,,
135369,4.38,,,901,10.54467902,7.633320976,1.38164132,,90.05,18.284,,
60003,9.624,,,902,10.03281543,-3.121815434,-0.565052775,,90.15,18.338,,
95866,19.388,,,903,10.12682621,-3.804826209,-0.68867864,,90.25,18.357,,
109324,19.488,,,904,10.47058957,4.484410434,0.811684295,,90.35,18.393,,
103557,16.014,,,905,9.926898298,-3.766898298,-0.681813637,,90.45,18.396,,
111376,2.673,,,906,10.02069526,-5.657695259,-1.024050419,,90.55,18.424,,
75661,1.079,,,907,10.54219268,7.124807322,1.289599668,,90.65,18.428,,
85213,2.386,,,908,9.92359946,0.15740054,0.028489709,,90.75,18.451,,
140444,3.771,,,909,10.13403478,-6.851034781,-1.240046471,,90.85,18.456,,
90427,2.01,,,910,10.38265721,-3.916657206,-0.7089202,,90.95,18.473,,
141439,3.799,,,911,10.48514111,-1.606141107,-0.290713692,,91.05,18.492,,
43694,3.787,,,912,10.43132118,5.096678824,0.922505693,,91.15,18.517,,
131952,12.09,,,913,9.990944627,-8.970944627,-1.623752993,,91.25,18.523,,
96250,10.056,,,914,10.15205621,-3.984056211,-0.72111951,,91.35,18.53,,
63126,18.424,,,915,10.32181808,-5.04981808,-0.914023836,,91.45,18.536,,
44836,2.657,,,916,10.05541858,-3.339418583,-0.604439236,,91.55,18.576,,
70635,2.147,,,917,10.03829517,-2.342295171,-0.423958563,,91.65,18.623,,
137386,8.611,,,918,10.44577497,-4.106774973,-0.743331771,,91.75,18.641,,
104840,15.653,,,919,10.23690355,9.238096454,1.672107831,,91.85,18.645,,
75498,6.537,,,920,9.958548816,-1.001548816,-0.181281677,,91.95,18.654,,
67471,2.728,,,921,10.45878095,-0.630780948,-0.114172196,,92.05,18.674,,
101914,1.905,,,922,10.4537044,8.446295597,1.528790816,,92.15,18.685,,
93712,17.426,,,923,10.23227906,-6.820279064,-1.234479645,,92.25,18.702,,
133472,16.941,,,924,9.934442863,-5.554442863,-1.005361597,,92.35,18.704,,
107351,5.329,,,925,10.39485069,-0.770850689,-0.139525007,,92.45,18.74,,
142410,11.048,,,926,10.17576508,9.212234918,1.667426859,,92.55,18.751,,
37385,8.226,,,927,10.09355071,9.394449293,1.700407904,,92.65,18.769,,
58423,10.833,,,928,10.12878108,5.885218924,1.065232508,,92.75,18.771,,
143638,9.662,,,929,10.08101512,-7.408015123,-1.340860659,,92.85,18.784,,
113425,11.907,,,930,10.2991966,-9.220196604,-1.668867934,,92.95,18.787,,
57266,14.077,,,931,10.24084382,-7.854843825,-1.421737253,,93.05,18.816,,
119667,1.148,,,932,9.903439894,-6.132439894,-1.109979834,,93.15,18.824,,
127118,11.176,,,933,10.20899171,-8.198991711,-1.484028481,,93.25,18.845,,
80838,8.115,,,934,9.89736148,-6.09836148,-1.103811596,,93.35,18.855,,
70990,15.901,,,935,10.49448171,-6.707481706,-1.214063172,,93.45,18.863,,
39833,9.631,,,936,9.955317176,2.134682824,0.38638045,,93.55,18.892,,
45094,5.85,,,937,10.17341924,-0.117419241,-0.02125304,,93.65,18.892,,
93997,18.093,,,938,10.37577241,8.048227591,1.456739973,,93.75,18.9,,
103050,3.05,,,939,10.48750527,-7.830505274,-1.417331942,,93.85,18.912,,
121797,16.923,,,940,10.32990023,-8.182900234,-1.481115902,,93.95,18.988,,
89443,17.94,,,941,9.922121092,-1.311121092,-0.237314674,,94.05,19.02,,
35802,12.391,,,942,10.12094328,5.532056719,1.001309676,,94.15,19.028,,
68164,18.393,,,943,10.30019236,-3.763192364,-0.681142858,,94.25,19.04,,
93022,9.146,,,944,10.34922898,-7.621228981,-1.379452653,,94.35,19.062,,
105681,19.572,,,945,10.1388181,-8.233818096,-1.490332103,,94.45,19.064,,
43050,11.671,,,946,10.18892378,7.23707622,1.309920489,,94.55,19.075,,
44486,17.308,,,947,9.946031558,6.994968442,1.266098657,,94.65,19.082,,
63571,15.397,,,948,10.10560368,-4.776603684,-0.864571664,,94.75,19.096,,
75423,5.368,,,949,9.89142968,1.15657032,0.209340777,,94.85,19.107,,
76381,11.159,,,950,10.53302313,-2.30702313,-0.417574276,,94.95,19.111,,
137359,11.105,,,951,10.40450284,0.428497156,0.077558559,,95.05,19.122,,
67656,16.455,,,952,9.883927878,-0.221927878,-0.040169243,,95.15,19.127,,
92436,12.467,,,953,10.06849787,1.838502135,0.332771349,,95.25,19.132,,
137954,4.195,,,954,10.41157091,3.66542909,0.663447575,,95.35,19.135,,
124566,5.949,,,955,10.03036574,-8.882365741,-1.607720096,,95.45,19.142,,
66146,11.178,,,956,9.984847886,1.191152114,0.215600128,,95.55,19.154,,
142935,13.198,,,957,10.26757052,-2.152570522,-0.389618147,,95.65,19.239,,
46233,8.862,,,958,10.32773155,5.573268447,1.008769053,,95.75,19.264,,
148985,19.28,,,959,10.5180684,-0.887068398,-0.160560568,,95.85,19.276,,
91411,8.639,,,960,10.48592916,-4.635929163,-0.839109388,,95.95,19.28,,
146907,11.738,,,961,10.18718273,7.905817274,1.430963515,,96.05,19.289,,
43455,13.04,,,962,10.13187832,-7.081878318,-1.281829461,,96.15,19.305,,
85668,1.909,,,963,10.01735366,6.905646342,1.249931237,,96.25,19.332,,
82871,17.999,,,964,10.21500293,7.724997073,1.398234817,,96.35,19.334,,
136709,10.331,,,965,10.54269361,1.848306387,0.334545932,,96.45,19.343,,
47638,11.209,,,966,10.34499547,8.048004528,1.456699599,,96.55,19.385,,
38344,3.794,,,967,10.19313896,-1.047138962,-0.189533555,,96.65,19.387,,
100765,10.982,,,968,10.11580565,9.456194354,1.711583843,,96.75,19.388,,
134505,11.051,,,969,10.49841588,1.172584124,0.212239297,,96.85,19.391,,
112769,11.625,,,970,10.48964341,6.81835659,1.234131675,,96.95,19.414,,
56450,19.04,,,971,10.37305392,5.023946078,0.909340969,,97.05,19.422,,
98874,4.479,,,972,10.30065054,-4.932650536,-0.892816354,,97.15,19.467,,
132483,16.655,,,973,10.29479815,0.864201847,0.156421692,,97.25,19.475,,
42392,19.675,,,974,9.922286034,1.182713966,0.214072812,,97.35,19.488,,
96914,1.421,,,975,10.34809882,6.106901177,1.105357292,,97.45,19.49,,
60500,11.985,,,976,10.19671881,2.270281188,0.410923936,,97.55,19.501,,
129949,10.169,,,977,9.918651203,-5.723651203,-1.035988534,,97.65,19.513,,
,,,,978,10.00043795,-4.05143795,-0.733315695,,97.75,19.55,,
,,,,979,10.35732335,0.820676648,0.148543572,,97.85,19.572,,
,,,,980,9.888222477,3.309777523,0.599074165,,97.95,19.601,,
,,,,981,10.47897106,-1.616971058,-0.292673927,,98.05,19.612,,
,,,,982,9.851263273,9.428736727,1.706613976,,98.15,19.624,,
,,,,983,10.2029805,-1.563980495,-0.283082564,,98.25,19.626,,
,,,,984,9.86395769,1.87404231,0.339204168,,98.35,19.642,,
,,,,985,10.49594175,2.544058253,0.460477951,,98.45,19.675,,
,,,,986,10.23806425,-8.329064248,-1.507571784,,98.55,19.687,,
,,,,987,10.25515101,7.743848992,1.401647039,,98.65,19.691,,
,,,,988,9.926256857,0.404743143,0.073259051,,98.75,19.695,,
,,,,989,10.47038797,0.73861203,0.133689767,,98.85,19.717,,
,,,,990,10.52716464,-6.733164638,-1.218711818,,98.95,19.731,,
,,,,991,10.14583729,0.83616271,0.15134657,,99.05,19.754,,
,,,,992,9.939721003,1.111278997,0.201142987,,99.15,19.767,,
,,,,993,10.07250534,1.552494657,0.281003612,,99.25,19.78,,
,,,,994,10.41655582,8.623444179,1.560854946,,99.35,19.85,,
,,,,995,10.15738933,-5.678389332,-1.027796074,,99.45,19.894,,
,,,,996,9.952073319,6.702926681,1.213238707,,99.55,19.897,,
,,,,997,10.50243557,9.172564429,1.660246447,,99.65,19.908,,
,,,,998,10.16936289,-8.748362892,-1.583465401,,99.75,19.93,,
,,,,999,10.39181454,1.593185464,0.288368703,,99.85,19.934,,
,,,,1000,9.967553422,0.201446578,0.0364621,,99.95,19.944,,
